date,judgment,VIX指数_value,VIX指数_change,VIX指数_change_percent,日経平均_value,日経平均_change,日経平均_change_percent,ドル円_value,ドル円_change,ドル円_change_percent,米10年債_value,米10年債_change,米10年債_change_percent,S&P500_value,S&P500_change,S&P500_change_percent,WTI原油_value,WTI原油_change,WTI原油_change_percent,金（GOLD）_value,金（GOLD）_change,金（GOLD）_change_percent,HYG（ハイイールド債ETF）_value,HYG（ハイイールド債ETF）_change,HYG（ハイイールド債ETF）_change_percent,LQD（投資適格債ETF）_value,LQD（投資適格債ETF）_change,LQD（投資適格債ETF）_change_percent,NYSE Composite_value,NYSE Composite_change_percent,NYSE Composite_volume_ratio,S&P500グロース(IVW)_value,S&P500グロース(IVW)_change_percent,S&P500バリュー(IVE)_value,S&P500バリュー(IVE)_change_percent,Russell2000小型(RUT)_value,Russell2000小型(RUT)_change_percent,グロース対バリュー比_diff_percent,大型対小型比_diff_percent,HYG対LQD比_value,HYG対LQD比_change,summary
2026-03-21T01:17:38+09:00,曇り,25.28,1.22,5.07,53372.53,-1866.87,-3.38,159.17,-0.63,-0.39,4.37,0.09,1.99,6556.12,-50.37,-0.76,96.55,0.41,0.43,4579.8,-20.9,-0.45,79.32,-0.34,-0.42,108.21,-0.98,-0.9,21766.24,-0.8,0.0,115.11,-1.11,208.99,-0.35,2464.04,-1.23,-0.76,0.47,0.7331,0.003511,"1. 判定：曇り。根拠として、VIX指数が上昇し恐怖心理が高まっている一方で、S&P500の前日比出来高比が0.27と低下しており、価格下落と出来高増加の組み合わせが見られないため嵐の予兆は弱いと判断する。
● VIX指数: 25.28 [+1.22 (+5.07%)] (03/20 確定)

2. ● 米10年債: 4.37 [+0.09 (+1.99%)] (03/20 確定) 金利が上昇し債券価格が下落しており、インフレ懸念やFRBの利上げ期待を反映してリスクオフのシグナルを示している。
金利上昇が株式市場の重石となり、S&P500の調整を加速させる可能性がある。

3. ● VIX指数: 25.28 [+1.22 (+5.07%)] (03/20 確定) 恐怖指数の上昇は投資家心理の悪化を表し、市場のボラティリティが増大している。
VIXの25.28という水準は不安定さを示唆し、短期的な売りを誘発する閾値を超えている。

4. ● ドル円: 159.17 [-0.63 (-0.39%)] (03/20 確定) 通貨の勢いが弱まっており、ドル安円高の動きが確認される。
このドル対円比の低下は、米金利上昇にもかかわらずリスクオフによる円買いを意味し、輸出関連株の圧力を増す。

5. ● 日経平均: 53372.53 [-1866.87 (-3.38%)] (03/19 確定) ● S&P500: 6556.12 [-50.37 (-0.76%) | 前日比出来高比:0.27] (03/20 確定) ● NYSE Composite: 21766.24 [-0.80% | 前日比出来高比:0.00] (03/20 確定) 日経平均とS&P500の価格下落は全体的な売りを示すが、S&P500の出来高比0.27が1.1以上でないためディストリビューションの疑いは低い。一方、NYSE騰落統計のNYA対S&P500乖離が-0.03%ptと指数と逆行しており、市場内部の脆弱性を指摘する。
安値圏からの反発局面ではないためフォロースルーデイは確認されない。

6. ● S&P500グロース: 115.11 [-1.29 (-1.11%) | 前日比出来高比:0.43] (03/20 確定) グロース対バリュー比（日次変化に基づく分析）：-0.76%ptでバリュー優勢を示し、ディフェンシブな姿勢を反映する。
● Russell2000小型: 2464.04 [-30.67 (-1.23%)] (03/20 確定) 大型対小型比（日次変化に基づく分析）：S&P500対RUTで+0.47%ptの大型優勢を意味し、質への逃避が進行中である。
これを踏まえ、指数コメントではS&P500の下落が大型株中心でグロースの弱さを示すが、バリュー優勢と大型優勢の需給構造から、市場はリスク回避を優先し、ディフェンシブセクターへのシフトがS&P500のボトム形成を支える。

7. ● WTI原油: 96.55 [+0.41 (+0.43%) | 前日比出来高比:1.62] (03/20 確定) ● 金: 4579.80 [-20.90 (-0.45%) | 前日比出来高比:111.29] (03/20 確定) 金対原油比の方向は金下落原油上昇で、インフレヘッジ需要が弱くリスク回避が強まっている。
原油上昇は需要減退懸念ではなく、米国のウクライナ支援停止とイラン関連の地政学リスク（プーチン大統領の提案）による供給不安を反映する。

8. ● HYG: 79.32 [-0.34 (-0.42%) | 前日比出来高比:0.37] (03/20 確定) 株（S&P500の方向）：下落によりリスクオフ。
● 米10年債: 4.37 [+0.09 (+1.99%)] (03/20 確定) 債券（米10年債利回りの方向）：上昇によりリスクオフ。
● HYG対LQD比: 0.7331 [+0.003511] (03/20 確定) クレジット（HYG対LQD比の方向）：上昇によりリスクオン。
週次レベルの変化ではHYG対LQD比の上昇が目立つが、全体として株と債券のリスクオフが支配的で、総合判定はクレジット市場の矛盾を示す混合シグナル。

9. FOMC議事録公表（03/22）：予想値はタカ派的で前回値は中立、市場への影響シナリオは利上げ期待の高まりによるS&P500の追加下落。
ECB金利決定（03/25）：予想値は据え置き前回値は据え置き、影響シナリオはユーロ安によるドル円の変動。
米新規失業保険申請件数（03/23）：予想値は21.5万件前回値は21.2万件、影響シナリオは悪化でVIXの上昇とS&P500の調整。
上記のイベントがない場合、現在の曇りフェーズで最も注視すべきは米10年債利回りの4.40%突破で、原油価格の供給不安によるインフレ再燃を根拠とする。

10. ● S&P500: 6556.12 [-50.37 (-0.76%) | 前日比出来高比:0.27] (03/20 確定) 需給面ではVIXの上昇とHYG対LQD比の上昇が相関し、短期的なボラティリティ増加を示すが、グロース対バリュー比のバリュー優勢が安定要因で、S&P500が6400以下に下落すれば買いシグナルが発生する。
市場の俳句：株価乱れ波立つ海、風雲急を待つばかり。"
